"SNo","CaseID","KafkaJSON","APIResponse","Status"
"1","2011-0525-T-0334","{u'_id': ObjectId('56278b82c33a7d9eb10ad1f6'), u'caseId': u'2011-0525-T-0334', u'attachment': {u'sequenceNumber': u'0000026175', u'title': u'DK7444.txt', u'zTime': 73411, u'fileType': u'', u'private': u'', u'dateCreated': u'20110525 073411', u'createdBy': u'', u'path': u'/archive/attachments/PCLR/2011/05/25/0334/1306334051497', u'zDate': 20110525, u'uploadedBy': u'', u'size': 8}}","200"
"2","2015-1005-T-0008","{u'_id': ObjectId('56278b84c33a7d9eb10ad1f9'), u'caseId': u'2015-1005-T-0008', u'attachment': [{u'sequenceNumber': u'0002141221', u'title': u'one.txt', u'zTime': 23428, u'fileType': u'', u'private': u'', u'dateCreated': u'Mon+Oct+05+09%3A34%3A26+UTC+2015', u'createdBy': u'CMUSER', u'path': u'/archive/attachments/OETCLR/2015/10/05/T/20151005093426', u'zDate': 20151005, u'uploadedBy': u'ednei.iamaguti@copel.com', u'size': 17}, {u'sequenceNumber': u'0002141222', u'title': u'Two.txt', u'zTime': 23457, u'fileType': u'', u'private': u'', u'dateCreated': u'Mon+Oct+05+09%3A34%3A56+UTC+2015', u'createdBy': u'CMUSER', u'path': u'/archive/attachments/OETCLR/2015/10/05/T/20151005093456', u'zDate': 20151005, u'uploadedBy': u'ednei.iamaguti@copel.com', u'size': 21}, {u'sequenceNumber': u'0002141509', u'title': u'fg.csv', u'zTime': 95519, u'fileType': u'', u'private': u'', u'dateCreated': u'20151014 095519', u'createdBy': u'WF-BATCH', u'path': u'/archive/attachments/OETCLR/2015/10/05/0008/005056010AB61ED59CD28B36658F0C12', u'zDate': 20151014, u'uploadedBy': u'soommen@juniper.net', u'size': 460}, {u'sequenceNumber': u'0002141515', u'title': u'TT.html', u'zTime': 55010, u'fileType': u'', u'private': u'X', u'dateCreated': u'20151015 055010', u'createdBy': u'WF-BATCH', u'path': u'/archive/attachments/OETCLR/2015/10/05/0008/005056010AB61ED59CE768A6B6A40C12', u'zDate': 20151015, u'uploadedBy': u'soommen@juniper.net', u'size': 9}, {u'sequenceNumber': u'0002141516', u'title': u'TT.html', u'zTime': 55803, u'fileType': u'', u'private': u'X', u'dateCreated': u'20151015 055803', u'createdBy': u'WF-BATCH', u'path': u'/archive/attachments/OETCLR/2015/10/05/0008/005056010AB61ED59CE78BDA856F0C12', u'zDate': 20151015, u'uploadedBy': u'soommen@juniper.net', u'size': 9}, {u'sequenceNumber': u'0002141517', u'title': u'wq.csv', u'zTime': 55803, u'fileType': u'', u'private': u'X', u'dateCreated': u'20151015 055803', u'createdBy': u'WF-BATCH', u'path': u'/archive/attachments/OETCLR/2015/10/05/0008/005056010AB61ED59CE78BDA856F2C12', u'zDate': 20151015, u'uploadedBy': u'soommen@juniper.net', u'size': 363}]}","200"
"3","2015-1012-T-0011","{u'_id': ObjectId('56278b84c33a7d9eb10ad20a'), u'caseId': u'2015-1012-T-0011', u'attachment': {u'sequenceNumber': u'0002141520', u'title': u'x.x', u'zTime': 91320, u'fileType': u'', u'private': u'', u'dateCreated': u'Fri+Oct+16+16%3A13%3A16+UTC+2015', u'createdBy': u'CMUSER', u'path': u'/archive/attachments/OETCLR/2015/10/12/T/20151016161316', u'zDate': 20151016, u'uploadedBy': u'LIS@JUNIPER.NET', u'size': 505}}","200"
"4","2015-2020-0002","{u'_id': ObjectId('56278b84c33a7d9eb10ad20e'), u'caseId': u'2015-2020-0002', u'attachment': [{u'sequenceNumber': u'0004744653', u'title': u'NW-NG-0-varlogs.tgz', u'zTime': 72933, u'fileType': u'', u'private': u'X', u'dateCreated': u'Tue+Oct+20+07%3A29%3A31+PDT+2015', u'createdBy': u'CMUSER', u'path': u'/sftp/pub/incoming/2015-2020-0002/NW-NG-0-varlogs.tgz', u'zDate': 20151020, u'uploadedBy': u'sftp_user', u'size': 12299}, {u'sequenceNumber': u'0004745868', u'title': u'image001.png', u'zTime': u'000217', u'fileType': u'', u'private': u'X', u'dateCreated': u'20151021 000217', u'createdBy': u'WF-BATCH', u'path': u'/archive/attachments/PCLR/2015/10/20/0002/901B0E53B1321ED59DF8354C3F085651', u'zDate': 20151021, u'uploadedBy': u'rfrania@juniper.net', u'size': 75}, {u'sequenceNumber': u'0004745890', u'title': u'image001.png', u'zTime': u'002156', u'fileType': u'', u'private': u'X', u'dateCreated': u'20151021 002156', u'createdBy': u'WF-BATCH', u'path': u'/archive/attachments/PCLR/2015/10/20/0002/901B0E53B1321ED59DF88D1E67551651', u'zDate': 20151021, u'uploadedBy': u'rfrania@juniper.net', u'size': 75}, {u'sequenceNumber': u'0004746129', u'title': u'image001.png', u'zTime': 24142, u'fileType': u'', u'private': u'X', u'dateCreated': u'20151021 024142', u'createdBy': u'WF-BATCH', u'path': u'/archive/attachments/PCLR/2015/10/20/0002/901B0E53B1321ED59DFAFDEB29A1D651', u'zDate': 20151021, u'uploadedBy': u'pbloomfield@juniper.net', u'size': 75}, {u'sequenceNumber': u'0004746130', u'title': u'image001.png', u'zTime': 24142, u'fileType': u'', u'private': u'X', u'dateCreated': u'20151021 024142', u'createdBy': u'WF-BATCH', u'path': u'/archive/attachments/PCLR/2015/10/20/0002/901B0E53B1321ED59DFAFDEB29A1F651', u'zDate': 20151021, u'uploadedBy': u'pbloomfield@juniper.net', u'size': 75}]}","200"
"5","2015-1018-T-0013","{u'_id': ObjectId('56278b84c33a7d9eb10ad215'), u'caseId': u'2015-1018-T-0013', u'attachment': {u'sequenceNumber': u'0002141521', u'title': u'attach file.png', u'zTime': 234752, u'fileType': u'', u'private': u'', u'dateCreated': u'Sun+Oct+18+23%3A47%3A51+PDT+2015', u'createdBy': u'CMUSER', u'path': u'/archive/attachments/OETCLR/2015/10/18/T/20151018234751', u'zDate': 20151018, u'uploadedBy': u'ksarchana@juniper.net', u'size': 96}}","200"
"6","string","{u'_id': ObjectId('56278b84c33a7d9eb10ad21c'), u'caseId': u'string', u'attachment': {u'sequenceNumber': u'string', u'title': u'string', u'zTime': u'string', u'fileType': u'string', u'private': u'string', u'dateCreated': u'string', u'createdBy': u'string', u'path': u'string', u'zDate': u'string', u'uploadedBy': u'string', u'size': u'string'}}","404","No Match Found"
"7","2015-1011-T-0012","{u'_id': ObjectId('56278b8ac33a7d9eb10ad25b'), u'caseId': u'2015-1011-T-0012', u'attachment': {u'sequenceNumber': u'0002141494', u'title': u'x.1', u'zTime': 224530, u'fileType': u'', u'private': u'', u'dateCreated': u'Mon+Oct+12+05%3A45%3A29+UTC+2015', u'createdBy': u'CMUSER', u'path': u'/archive/attachments/OETCLR/2015/10/11/T/20151012054528', u'zDate': 20151011, u'uploadedBy': u'LIS@JUNIPER.NET', u'size': 626}}","200"
"8","2015-0903-T-0009","{u'_id': ObjectId('56278b8cc33a7d9eb10ad28d'), u'caseId': u'2015-0903-T-0009', u'attachment': {u'sequenceNumber': u'0002141518', u'title': u'Custom tcode requirement_R475.xlsx', u'zTime': 222241, u'fileType': u'', u'private': u'', u'dateCreated': u'20151015 222241', u'createdBy': u'WF-BATCH', u'path': u'/archive/attachments/OETCLR/2015/09/03/0009/005056010AB61ED59CF8BD840D000C12', u'zDate': 20151015, u'uploadedBy': u'bbatchu@juniper.net', u'size': 16}}","200"
"9","2015-0924-T-2503","{u'_id': ObjectId('5627ad41c33a7d9eb10ad336'), u'caseId': u'2015-0924-T-2503', u'attachment': {u'sequenceNumber': u'0002141086', u'title': u'Awesomeness.wmv', u'zTime': 110916, u'fileType': u'', u'private': u'', u'dateCreated': u'Tue+Sep+29+18%3A09%3A14+UTC+2015', u'createdBy': u'CMUSER', u'path': u'/archive/attachments/OETCLR/2015/09/24/T/20150929180906', u'zDate': 20150929, u'uploadedBy': u'ARYPINSKI@JUNIPER.NET', u'size': 25631}}","200"
"10","2015-0928-T-0022","{u'_id': ObjectId('56278b84c33a7d9eb10ad218'), u'caseId': u'2015-0928-T-0022', u'attachment': [{u'sequenceNumber': u'0002141157', u'title': u'Chrome1.jpg', u'zTime': 230539, u'fileType': u'', u'private': u'X', u'dateCreated': u'Thu+Oct+01+11%3A35%3A35+IST+2015', u'createdBy': u'CMUSER', u'path': u'/archive/attachments/OETCLR/2015\\09\\28\\T\\20151001113535', u'zDate': 20150930, u'uploadedBy': u'gmarkley@greatbaysoftware.com', u'size': 230}, {u'sequenceNumber': u'0002141158', u'title': u'!@%%Q - Copy.txt', u'zTime': 230605, u'fileType': u'', u'private': u'X', u'dateCreated': u'Thu+Oct+01+11%3A36%3A02+IST+2015', u'createdBy': u'CMUSER', u'path': u'/archive/attachments/OETCLR/2015\\09\\28\\T\\20151001113602', u'zDate': 20150930, u'uploadedBy': u'gmarkley@greatbaysoftware.com', u'size': 2}, {u'sequenceNumber': u'0002141159', u'title': u'FF2.png', u'zTime': 235655, u'fileType': u'', u'private': u'X', u'dateCreated': u'Thu+Oct+01+12%3A26%3A52+IST+2015', u'createdBy': u'CMUSER', u'path': u'/archive/attachments/OETCLR/2015\\09\\28\\T\\20151001122652', u'zDate': 20150930, u'uploadedBy': u'gmarkley@greatbaysoftware.com', u'size': 182}, {u'sequenceNumber': u'0002141531', u'title': u'sample123.txt', u'zTime': 50856, u'fileType': u'', u'private': u'', u'dateCreated': u'Tue+Oct+20+12%3A08%3A53+UTC+2015', u'createdBy': u'CMUSER', u'path': u'/archive/attachments/OETCLR/2015/09/28/T/20151020120853', u'zDate': 20151020, u'uploadedBy': u'amitsri@juniper.net', u'size': 0}, {u'sequenceNumber': u'0002141532', u'title': u'sample123sample123sample123sample123sample123sample123sample123sample123sample123sample123sample123s', u'zTime': 51010, u'fileType': u'', u'private': u'X', u'dateCreated': u'Tue+Oct+20+12%3A10%3A09+UTC+2015', u'createdBy': u'CMUSER', u'path': u'/archive/attachments/OETCLR/2015/09/28/T/20151020121007', u'zDate': 20151020, u'uploadedBy': u'amitsri@juniper.net', u'size': 5855}]}","200"
"11","2015-0929-T-0006","{u'_id': ObjectId('56278b85c33a7d9eb10ad223'), u'caseId': u'2015-0929-T-0006', u'attachment': [{u'sequenceNumber': u'0002141133', u'title': u'FF2.png', u'zTime': 55730, u'fileType': u'', u'private': u'', u'dateCreated': u'Wed+Sep+30+18%3A27%3A27+IST+2015', u'createdBy': u'CMUSER', u'path': u'/archive/attachments/OETCLR/2015\\09\\29\\T\\20150930182727', u'zDate': 20150930, u'uploadedBy': u'amitsri@juniper.net', u'size': 182}, {u'sequenceNumber': u'0002141134', u'title': u'!@%%Q - Copy.txt', u'zTime': 55918, u'fileType': u'', u'private': u'', u'dateCreated': u'Wed+Sep+30+18%3A29%3A15+IST+2015', u'createdBy': u'CMUSER', u'path': u'/archive/attachments/OETCLR/2015\\09\\29\\T\\20150930182915', u'zDate': 20150930, u'uploadedBy': u'amitsri@juniper.net', u'size': 2}, {u'sequenceNumber': u'0002141136', u'title': u'!@%%Q - Copy.txt', u'zTime': 60522, u'fileType': u'', u'private': u'', u'dateCreated': u'Wed+Sep+30+18%3A35%3A20+IST+2015', u'createdBy': u'CMUSER', u'path': u'/archive/attachments/OETCLR/2015\\09\\29\\T\\20150930183520', u'zDate': 20150930, u'uploadedBy': u'amitsri@juniper.net', u'size': 2}, {u'sequenceNumber': u'0002141139', u'title': u'!@%%Q - Copy.txt', u'zTime': 61726, u'fileType': u'', u'private': u'', u'dateCreated': u'Wed+Sep+30+18%3A47%3A23+IST+2015', u'createdBy': u'CMUSER', u'path': u'/archive/attachments/OETCLR/2015\\09\\29\\T\\20150930184723', u'zDate': 20150930, u'uploadedBy': u'amitsri@juniper.net', u'size': 2}]}","200"
"12","2015-0928-T-0042","{u'_id': ObjectId('56278b88c33a7d9eb10ad23e'), u'caseId': u'2015-0928-T-0042', u'attachment': [{u'sequenceNumber': u'0002141032', u'title': u'test.txt', u'zTime': 224646, u'fileType': u'', u'private': u'', u'dateCreated': u'Tue+Sep+29+05%3A46%3A45+UTC+2015', u'createdBy': u'CMUSER', u'path': u'/archive/attachments/OETCLR/2015/09/28/T/20150929054644', u'zDate': 20150928, u'uploadedBy': u'andrew.p.wells@nasa.gov', u'size': 0}, {u'sequenceNumber': u'0002141034', u'title': u'test.txt', u'zTime': 224840, u'fileType': u'', u'private': u'', u'dateCreated': u'Tue+Sep+29+05%3A48%3A38+UTC+2015', u'createdBy': u'CMUSER', u'path': u'/archive/attachments/OETCLR/2015/09/28/T/20150929054837', u'zDate': 20150928, u'uploadedBy': u'andrew.p.wells@nasa.gov', u'size': 0}, {u'sequenceNumber': u'0002141070', u'title': u'one.txt', u'zTime': u'001759', u'fileType': u'', u'private': u'', u'dateCreated': u'Tue+Sep+29+07%3A17%3A57+UTC+2015', u'createdBy': u'CMUSER', u'path': u'/archive/attachments/OETCLR/2015/09/28/T/20150929071757', u'zDate': 20150929, u'uploadedBy': u'andrew.p.wells@nasa.gov', u'size': 17}, {u'sequenceNumber': u'0002141071', u'title': u'one.txt', u'zTime': u'001821', u'fileType': u'', u'private': u'', u'dateCreated': u'Tue+Sep+29+07%3A18%3A20+UTC+2015', u'createdBy': u'CMUSER', u'path': u'/archive/attachments/OETCLR/2015/09/28/T/20150929071820', u'zDate': 20150929, u'uploadedBy': u'andrew.p.wells@nasa.gov', u'size': 17}, {u'sequenceNumber': u'0002141072', u'title': u'Two.txt', u'zTime': u'002020', u'fileType': u'', u'private': u'', u'dateCreated': u'Tue+Sep+29+07%3A20%3A18+UTC+2015', u'createdBy': u'CMUSER', u'path': u'/archive/attachments/OETCLR/2015/09/28/T/20150929072018', u'zDate': 20150929, u'uploadedBy': u'andrew.p.wells@nasa.gov', u'size': 21}, {u'sequenceNumber': u'0002141073', u'title': u'Two.txt', u'zTime': u'002046', u'fileType': u'', u'private': u'', u'dateCreated': u'Tue+Sep+29+07%3A20%3A45+UTC+2015', u'createdBy': u'CMUSER', u'path': u'/archive/attachments/OETCLR/2015/09/28/T/20150929072045', u'zDate': 20150929, u'uploadedBy': u'andrew.p.wells@nasa.gov', u'size': 21}]}","200"
"13","2015-1009-T-0674","{u'_id': ObjectId('56278b89c33a7d9eb10ad24a'), u'caseId': u'2015-1009-T-0674', u'attachment': [{u'sequenceNumber': u'0002141480', u'title': u'x.1', u'zTime': 132627, u'fileType': u'', u'private': u'', u'dateCreated': u'Fri+Oct+09+20%3A26%3A25+UTC+2015', u'createdBy': u'CMUSER', u'path': u'/archive/attachments/OETCLR/2015/10/09/T/20151009202625', u'zDate': 20151009, u'uploadedBy': u'LIS@JUNIPER.NET', u'size': 626}, {u'sequenceNumber': u'0002141527', u'title': u'x.x', u'zTime': 233347, u'fileType': u'', u'private': u'', u'dateCreated': u'Tue+Oct+20+06%3A33%3A44+UTC+2015', u'createdBy': u'CMUSER', u'path': u'/archive/attachments/OETCLR/2015/10/09/T/20151020063344', u'zDate': 20151019, u'uploadedBy': u'LIS@JUNIPER.NET', u'size': 505}]}","200"
"14","2011-0504-T-0901","{u'_id': ObjectId('56278b8ac33a7d9eb10ad260'), u'caseId': u'2011-0504-T-0901', u'attachment': [{u'sequenceNumber': u'0000022388', u'title': u'image001.gif', u'zTime': 200018, u'fileType': u'', u'private': u'', u'dateCreated': u'20110504 200018', u'createdBy': u'', u'path': u'/archive/attachments/PCLR/2011/05/04/0901/1304564418281', u'zDate': 20110504, u'uploadedBy': u'', u'size': 3}, {u'sequenceNumber': u'0000022653', u'title': u'image001.gif', u'zTime': 204021, u'fileType': u'', u'private': u'', u'dateCreated': u'20110504 204021', u'createdBy': u'', u'path': u'/archive/attachments/PCLR/2011/05/04/0901/1304566821802', u'zDate': 20110504, u'uploadedBy': u'', u'size': 3}]}","200"
"15","2015-0924-T-2500","{u'_id': ObjectId('56278b8bc33a7d9eb10ad270'), u'caseId': u'2015-0924-T-2500', u'attachment': [{u'sequenceNumber': u'0002141028', u'title': u'screen1.png', u'zTime': 222647, u'fileType': u'', u'private': u'', u'dateCreated': u'Tue+Sep+29+05%3A26%3A44+UTC+2015', u'createdBy': u'CMUSER', u'path': u'/archive/attachments/OETCLR/2015/09/24/T/20150929052644', u'zDate': 20150928, u'uploadedBy': u'andrew.p.wells@nasa.gov', u'size': 64}, {u'sequenceNumber': u'0002141029', u'title': u'SK_Export_Report.csv', u'zTime': 223047, u'fileType': u'', u'private': u'', u'dateCreated': u'Tue+Sep+29+05%3A30%3A45+UTC+2015', u'createdBy': u'CMUSER', u'path': u'/archive/attachments/OETCLR/2015/09/24/T/20150929053045', u'zDate': 20150928, u'uploadedBy': u'andrew.p.wells@nasa.gov', u'size': 10}, {u'sequenceNumber': u'0002141037', u'title': u'screen1.png', u'zTime': 225151, u'fileType': u'', u'private': u'', u'dateCreated': u'Tue+Sep+29+05%3A51%3A49+UTC+2015', u'createdBy': u'CMUSER', u'path': u'/archive/attachments/OETCLR/2015/09/24/T/20150929055149', u'zDate': 20150928, u'uploadedBy': u'andrew.p.wells@nasa.gov', u'size': 64}]}","200"
"16","2011-0330-T-0682","{u'_id': ObjectId('56278b8bc33a7d9eb10ad27f'), u'caseId': u'2011-0330-T-0682', u'attachment': [{u'sequenceNumber': u'0000013322', u'title': u'image001.gif', u'zTime': 151028, u'fileType': u'', u'private': u'', u'dateCreated': u'20110330 151028', u'createdBy': u'', u'path': u'/archive/attachments/PCLR/2011/03/30/0682/1301523028921', u'zDate': 20110330, u'uploadedBy': u'', u'size': 3}, {u'sequenceNumber': u'0000013323', u'title': u'ATT7071314.gif', u'zTime': 170044, u'fileType': u'', u'private': u'', u'dateCreated': u'20110412 170044', u'createdBy': u'', u'path': u'/archive/attachments/PCLR/2011/03/30/0682/1302652844000', u'zDate': 20110412, u'uploadedBy': u'', u'size': 3}, {u'sequenceNumber': u'0000013324', u'title': u'image001.gif', u'zTime': 143031, u'fileType': u'', u'private': u'', u'dateCreated': u'20110330 143031', u'createdBy': u'', u'path': u'/archive/attachments/PCLR/2011/03/30/0682/1301520631800', u'zDate': 20110330, u'uploadedBy': u'', u'size': 3}, {u'sequenceNumber': u'0000013325', u'title': u'ATT7024832.gif', u'zTime': 141023, u'fileType': u'', u'private': u'', u'dateCreated': u'20110409 141023', u'createdBy': u'', u'path': u'/archive/attachments/PCLR/2011/03/30/0682/1302383423501', u'zDate': 20110409, u'uploadedBy': u'', u'size': 3}, {u'sequenceNumber': u'0000014649', u'title': u'image001.gif', u'zTime': 141023, u'fileType': u'', u'private': u'', u'dateCreated': u'20110409 141023', u'createdBy': u'', u'path': u'/archive/attachments/PCLR/2011/03/30/0682/1302383423114', u'zDate': 20110409, u'uploadedBy': u'', u'size': 3}, {u'sequenceNumber': u'0000016133', u'title': u'ATT6937771.gif', u'zTime': 113013, u'fileType': u'', u'private': u'', u'dateCreated': u'20110402 113013', u'createdBy': u'', u'path': u'/archive/attachments/PCLR/2011/03/30/0682/1301769013829', u'zDate': 20110402, u'uploadedBy': u'', u'size': 3}, {u'sequenceNumber': u'0000016134', u'title': u'image001.gif', u'zTime': 170043, u'fileType': u'', u'private': u'', u'dateCreated': u'20110412 170043', u'createdBy': u'', u'path': u'/archive/attachments/PCLR/2011/03/30/0682/1302652843028', u'zDate': 20110412, u'uploadedBy': u'', u'size': 3}, {u'sequenceNumber': u'0000016135', u'title': u'ATT7071308.gif', u'zTime': 170043, u'fileType': u'', u'private': u'', u'dateCreated': u'20110412 170043', u'createdBy': u'', u'path': u'/archive/attachments/PCLR/2011/03/30/0682/1302652843285', u'zDate': 20110412, u'uploadedBy': u'', u'size': 3}, {u'sequenceNumber': u'0000016277', u'title': u'ATT7071312.gif', u'zTime': 170043, u'fileType': u'', u'private': u'', u'dateCreated': u'20110412 170043', u'createdBy': u'', u'path': u'/archive/attachments/PCLR/2011/03/30/0682/1302652843762', u'zDate': 20110412, u'uploadedBy': u'', u'size': 3}, {u'sequenceNumber': u'0000016278', u'title': u'ATT6969286.gif', u'zTime': 94052, u'fileType': u'', u'private': u'', u'dateCreated': u'20110405 094052', u'createdBy': u'', u'path': u'/archive/attachments/PCLR/2011/03/30/0682/1302021652033', u'zDate': 20110405, u'uploadedBy': u'', u'size': 3}, {u'sequenceNumber': u'0000016279', u'title': u'image001.gif', u'zTime': 94051, u'fileType': u'', u'private': u'', u'dateCreated': u'20110405 094051', u'createdBy': u'', u'path': u'/archive/attachments/PCLR/2011/03/30/0682/1302021651389', u'zDate': 20110405, u'uploadedBy': u'', u'size': 3}, {u'sequenceNumber': u'0000016280', u'title': u'ATT7024836.gif', u'zTime': 141024, u'fileType': u'', u'private': u'', u'dateCreated': u'20110409 141024', u'createdBy': u'', u'path': u'/archive/attachments/PCLR/2011/03/30/0682/1302383424994', u'zDate': 20110409, u'uploadedBy': u'', u'size': 3}, {u'sequenceNumber': u'0000016281', u'title': u'image001.gif', u'zTime': 141053, u'fileType': u'', u'private': u'', u'dateCreated': u'20110330 141053', u'createdBy': u'', u'path': u'/archive/attachments/PCLR/2011/03/30/0682/1301519453763', u'zDate': 20110330, u'uploadedBy': u'', u'size': 3}, {u'sequenceNumber': u'0000016282', u'title': u'ATT6936119.gif', u'zTime': 160035, u'fileType': u'', u'private': u'', u'dateCreated': u'20110401 160035', u'createdBy': u'', u'path': u'/archive/attachments/PCLR/2011/03/30/0682/1301698835559', u'zDate': 20110401, u'uploadedBy': u'', u'size': 3}, {u'sequenceNumber': u'0000016324', u'title': u'ATT7071310.gif', u'zTime': 170043, u'fileType': u'', u'private': u'', u'dateCreated': u'20110412 170043', u'createdBy': u'', u'path': u'/archive/attachments/PCLR/2011/03/30/0682/1302652843521', u'zDate': 20110412, u'uploadedBy': u'', u'size': 3}, {u'sequenceNumber': u'0000016325', u'title': u'image001.gif', u'zTime': 165018, u'fileType': u'', u'private': u'', u'dateCreated': u'20110401 165018', u'createdBy': u'', u'path': u'/archive/attachments/PCLR/2011/03/30/0682/1301701818898', u'zDate': 20110401, u'uploadedBy': u'', u'size': 3}, {u'sequenceNumber': u'0000016370', u'title': u'ATT6936117.gif', u'zTime': 160035, u'fileType': u'', u'private': u'', u'dateCreated': u'20110401 160035', u'createdBy': u'', u'path': u'/archive/attachments/PCLR/2011/03/30/0682/1301698835267', u'zDate': 20110401, u'uploadedBy': u'', u'size': 3}, {u'sequenceNumber': u'0000016371', u'title': u'ATT7024834.gif', u'zTime': 141024, u'fileType': u'', u'private': u'', u'dateCreated': u'20110409 141024', u'createdBy': u'', u'path': u'/archive/attachments/PCLR/2011/03/30/0682/1302383424740', u'zDate': 20110409, u'uploadedBy': u'', u'size': 3}, {u'sequenceNumber': u'0000016372', u'title': u'image001.gif', u'zTime': 160034, u'fileType': u'', u'private': u'', u'dateCreated': u'20110401 160034', u'createdBy': u'', u'path': u'/archive/attachments/PCLR/2011/03/30/0682/1301698834866', u'zDate': 20110401, u'uploadedBy': u'', u'size': 3}, {u'sequenceNumber': u'0000016373', u'title': u'ATT6908297.gif', u'zTime': 151029, u'fileType': u'', u'private': u'', u'dateCreated': u'20110330 151029', u'createdBy': u'', u'path': u'/archive/attachments/PCLR/2011/03/30/0682/1301523029186', u'zDate': 20110330, u'uploadedBy': u'', u'size': 3}, {u'sequenceNumber': u'0000016543', u'title': u'image001.gif', u'zTime': 113013, u'fileType': u'', u'private': u'', u'dateCreated': u'20110402 113013', u'createdBy': u'', u'path': u'/archive/attachments/PCLR/2011/03/30/0682/1301769013496', u'zDate': 20110402, u'uploadedBy': u'', u'size': 3}, {u'sequenceNumber': u'0000016544', u'title': u'ATT6969284.gif', u'zTime': 94051, u'fileType': u'', u'private': u'', u'dateCreated': u'20110405 094051', u'createdBy': u'', u'path': u'/archive/attachments/PCLR/2011/03/30/0682/1302021651791', u'zDate': 20110405, u'uploadedBy': u'', u'size': 3}]}","200"
"17","2015-0428-T-0023","{u'_id': ObjectId('56278b8bc33a7d9eb10ad281'), u'caseId': u'2015-0428-T-0023', u'attachment': [{u'sequenceNumber': u'0002140392', u'title': u'IMG_0009.JPG', u'zTime': 75846, u'fileType': u'', u'private': u'', u'dateCreated': u'20150709 075846', u'createdBy': u'WF-BATCH', u'path': u'/archive/attachments/OETCLR/2015/04/28/0023/005056010AB61ED589C9601FE1454C12', u'zDate': 20150709, u'uploadedBy': u'arypinski@juniper.net', u'size': 3349296}, {u'sequenceNumber': u'0002140393', u'title': u'IMG_0011.JPG', u'zTime': 75846, u'fileType': u'', u'private': u'', u'dateCreated': u'20150709 075846', u'createdBy': u'WF-BATCH', u'path': u'/archive/attachments/OETCLR/2015/04/28/0023/005056010AB61ED589C9601FE1456C12', u'zDate': 20150709, u'uploadedBy': u'arypinski@juniper.net', u'size': 2481799}, {u'sequenceNumber': u'0002140394', u'title': u'image001.jpg', u'zTime': 95534, u'fileType': u'', u'private': u'', u'dateCreated': u'20150709 095534', u'createdBy': u'WF-BATCH', u'path': u'/archive/attachments/OETCLR/2015/04/28/0023/005056010AB61ED589CB6A14F59B0C12', u'zDate': 20150709, u'uploadedBy': u'ibasha@juniper.net', u'size': 63328}, {u'sequenceNumber': u'0002140396', u'title': u'Enhancement Release Issue Tracker.xlsx', u'zTime': 163729, u'fileType': u'', u'private': u'', u'dateCreated': u'20150716 163729', u'createdBy': u'WF-BATCH', u'path': u'/archive/attachments/OETCLR/2015/04/28/0023/005056010AB61ED58B82745F9C3C8C12', u'zDate': 20150716, u'uploadedBy': u'pengng@juniper.net', u'size': 570236}, {u'sequenceNumber': u'0002140397', u'title': u'Enhancement Release Issue Tracker.xlsx', u'zTime': 214222, u'fileType': u'', u'private': u'', u'dateCreated': u'20150716 214222', u'createdBy': u'WF-BATCH', u'path': u'/archive/attachments/OETCLR/2015/04/28/0023/005056010AB61ED58B87C6D345C7EC12', u'zDate': 20150716, u'uploadedBy': u'pengng@juniper.net', u'size': 570}, {u'sequenceNumber': u'0002140398', u'title': u'Enhancement Release Issue Tracker.xlsx', u'zTime': 215537, u'fileType': u'', u'private': u'', u'dateCreated': u'Thu+Jul+16+21%3A55%3A29+PDT+2015', u'createdBy': u'CMUSER', u'path': u'/archive/attachments/OETCLR/2015/04/28/T/20150716215529', u'zDate': 20150716, u'uploadedBy': u'PENGNG@JUNIPER.NET', u'size': 557}, {u'sequenceNumber': u'0002140485', u'title': u'salesforce_knowledge_implementation_guide.pdf', u'zTime': 140220, u'fileType': u'', u'private': u'', u'dateCreated': u'Wed+Sep+02+21%3A02%3A16+UTC+2015', u'createdBy': u'CMUSER', u'path': u'/archive/attachments/OETCLR/2015/04/28/T/20150902210216', u'zDate': 20150902, u'uploadedBy': u'RSENNAMM@JUNIPER.NET', u'size': 459}, {u'sequenceNumber': u'0002140821', u'title': u'J3.05.P01.W05_R06_JTAC_Severity_Mgmt.pdf', u'zTime': 55400, u'fileType': u'', u'private': u'', u'dateCreated': u'Wed+Sep+16+12%3A53%3A57+UTC+2015', u'createdBy': u'CMUSER', u'path': u'/archive/attachments/OETCLR/2015/04/28/T/20150916125356', u'zDate': 20150916, u'uploadedBy': u'ARYPINSKI@JUNIPER.NET', u'size': 304}, {u'sequenceNumber': u'0002140832', u'title': u'Chrysanthemum.jpg', u'zTime': 65456, u'fileType': u'', u'private': u'', u'dateCreated': u'Mon+Sep+21+13%3A54%3A50+UTC+2015', u'createdBy': u'CMUSER', u'path': u'/archive/attachments/OETCLR/2015/04/28/T/20150921135449', u'zDate': 20150921, u'uploadedBy': u'ARYPINSKI@JUNIPER.NET', u'size': 859}, {u'sequenceNumber': u'0002140833', u'title': u'Penguins.jpg', u'zTime': 65518, u'fileType': u'', u'private': u'X', u'dateCreated': u'Mon+Sep+21+13%3A55%3A14+UTC+2015', u'createdBy': u'CMUSER', u'path': u'/archive/attachments/OETCLR/2015/04/28/T/20150921135514', u'zDate': 20150921, u'uploadedBy': u'ARYPINSKI@JUNIPER.NET', u'size': 760}, {u'sequenceNumber': u'0002140844', u'title': u'Wildlife.wmv', u'zTime': 122620, u'fileType': u'', u'private': u'', u'dateCreated': u'Wed+Sep+23+19%3A26%3A14+UTC+2015', u'createdBy': u'CMUSER', u'path': u'/archive/attachments/OETCLR/2015/04/28/T/20150923192607', u'zDate': 20150923, u'uploadedBy': u'ARYPINSKI@JUNIPER.NET', u'size': 25631}, {u'sequenceNumber': u'0002140858', u'title': u'Awesomeness.wmv', u'zTime': 95512, u'fileType': u'', u'private': u'', u'dateCreated': u'Thu+Sep+24+16%3A55%3A07+UTC+2015', u'createdBy': u'CMUSER', u'path': u'/archive/attachments/OETCLR/2015/04/28/T/20150924165459', u'zDate': 20150924, u'uploadedBy': u'ARYPINSKI@JUNIPER.NET', u'size': 25631}]}","200"
"18","2015-1016-T-0004","{u'_id': ObjectId('56278b8cc33a7d9eb10ad291'), u'caseId': u'2015-1016-T-0004', u'attachment': {u'sequenceNumber': u'0002141519', u'title': u'x.x', u'zTime': 91120, u'fileType': u'', u'private': u'', u'dateCreated': u'Fri+Oct+16+16%3A11%3A17+UTC+2015', u'createdBy': u'CMUSER', u'path': u'/archive/attachments/OETCLR/2015/10/16/T/20151016161116', u'zDate': 20151016, u'uploadedBy': u'ednei.iamaguti@copel.com', u'size': 505}}","404","No Match Found"
"19","2015-0912-T-0065","{u'_id': ObjectId('56278b8cc33a7d9eb10ad296'), u'caseId': u'2015-0912-T-0065', u'attachment': [{u'sequenceNumber': u'0002140648', u'title': u'test.txt', u'zTime': 23511, u'fileType': u'', u'private': u'', u'dateCreated': u'Sun+Sep+13+09%3A35%3A10+UTC+2015', u'createdBy': u'CMUSER', u'path': u'/archive/attachments/OETCLR/2015/09/12/T/20150913093509', u'zDate': 20150913, u'uploadedBy': u'ednei.iamaguti@copel.com', u'size': 0}, {u'sequenceNumber': u'0002140649', u'title': u'test.txt', u'zTime': 23706, u'fileType': u'', u'private': u'', u'dateCreated': u'Sun+Sep+13+09%3A37%3A04+UTC+2015', u'createdBy': u'CMUSER', u'path': u'/archive/attachments/OETCLR/2015/09/12/T/20150913093704', u'zDate': 20150913, u'uploadedBy': u'ednei.iamaguti@copel.com', u'size': 0}]}","200"
"20","2014-1127-T-0142","{u'_id': ObjectId('56278b8cc33a7d9eb10ad298'), u'caseId': u'2014-1127-T-0142', u'attachment': [{u'sequenceNumber': u'0002123435', u'title': u'Export_Report (43).csv', u'zTime': 221123, u'fileType': u'', u'private': u'', u'dateCreated': u'Sun+Nov+30+22%3A11%3A22+PST+2014', u'createdBy': u'CMUSER', u'path': u'/archive/attachments/OETCLR/2014/11/27/T/20141130221122', u'zDate': 20141130, u'uploadedBy': u'test@nam.com', u'size': 1}, {u'sequenceNumber': u'0002123436', u'title': u'Export_Report (43).csv', u'zTime': 221128, u'fileType': u'', u'private': u'', u'dateCreated': u'Sun+Nov+30+22%3A11%3A26+PST+2014', u'createdBy': u'CMUSER', u'path': u'/archive/attachments/OETCLR/2014/11/27/T/20141130221126', u'zDate': 20141130, u'uploadedBy': u'test@nam.com', u'size': 1}, {u'sequenceNumber': u'0002123437', u'title': u'Export_Report (43).csv', u'zTime': 221130, u'fileType': u'', u'private': u'', u'dateCreated': u'Sun+Nov+30+22%3A11%3A29+PST+2014', u'createdBy': u'CMUSER', u'path': u'/archive/attachments/OETCLR/2014/11/27/T/20141130221129', u'zDate': 20141130, u'uploadedBy': u'test@nam.com', u'size': 1}, {u'sequenceNumber': u'0002123439', u'title': u'Export_Report (7).csv', u'zTime': 221223, u'fileType': u'', u'private': u'', u'dateCreated': u'Sun+Nov+30+22%3A12%3A22+PST+2014', u'createdBy': u'CMUSER', u'path': u'/archive/attachments/OETCLR/2014/11/27/T/20141130221222', u'zDate': 20141130, u'uploadedBy': u'test@nam.com', u'size': 6}, {u'sequenceNumber': u'0002123440', u'title': u'Export_Report (44).csv', u'zTime': 221254, u'fileType': u'', u'private': u'', u'dateCreated': u'Sun+Nov+30+22%3A12%3A53+PST+2014', u'createdBy': u'CMUSER', u'path': u'/archive/attachments/OETCLR/2014/11/27/T/20141130221253', u'zDate': 20141130, u'uploadedBy': u'test@nam.com', u'size': 1}]}","200"
"21","2015-1020-0002","{u'_id': ObjectId('56278b8cc33a7d9eb10ad2ac'), u'caseId': u'2015-1020-0002', u'attachment': [{u'sequenceNumber': u'0004744653', u'title': u'NW-NG-0-varlogs.tgz', u'zTime': 72933, u'fileType': u'', u'private': u'X', u'dateCreated': u'Tue+Oct+20+07%3A29%3A31+PDT+2015', u'createdBy': u'CMUSER', u'path': u'/sftp/pub/incoming/2015-1020-0002/NW-NG-0-varlogs.tgz', u'zDate': 20151020, u'uploadedBy': u'sftp_user', u'size': 12299}, {u'sequenceNumber': u'0004745868', u'title': u'image001.png', u'zTime': u'000217', u'fileType': u'', u'private': u'X', u'dateCreated': u'20151021 000217', u'createdBy': u'WF-BATCH', u'path': u'/archive/attachments/PCLR/2015/10/20/0002/901B0E53B1321ED59DF8354C3F085651', u'zDate': 20151021, u'uploadedBy': u'rfrania@juniper.net', u'size': 75}, {u'sequenceNumber': u'0004745890', u'title': u'image001.png', u'zTime': u'002156', u'fileType': u'', u'private': u'X', u'dateCreated': u'20151021 002156', u'createdBy': u'WF-BATCH', u'path': u'/archive/attachments/PCLR/2015/10/20/0002/901B0E53B1321ED59DF88D1E67551651', u'zDate': 20151021, u'uploadedBy': u'rfrania@juniper.net', u'size': 75}, {u'sequenceNumber': u'0004746129', u'title': u'image001.png', u'zTime': 24142, u'fileType': u'', u'private': u'X', u'dateCreated': u'20151021 024142', u'createdBy': u'WF-BATCH', u'path': u'/archive/attachments/PCLR/2015/10/20/0002/901B0E53B1321ED59DFAFDEB29A1D651', u'zDate': 20151021, u'uploadedBy': u'pbloomfield@juniper.net', u'size': 75}, {u'sequenceNumber': u'0004746130', u'title': u'image001.png', u'zTime': 24142, u'fileType': u'', u'private': u'X', u'dateCreated': u'20151021 024142', u'createdBy': u'WF-BATCH', u'path': u'/archive/attachments/PCLR/2015/10/20/0002/901B0E53B1321ED59DFAFDEB29A1F651', u'zDate': 20151021, u'uploadedBy': u'pbloomfield@juniper.net', u'size': 75}]}","200"
"22","2015-0622-T-0002","{u'_id': ObjectId('56278b8cc33a7d9eb10ad2b2'), u'caseId': u'2015-0622-T-0002', u'attachment': [{u'sequenceNumber': u'0000002409', u'title': u'Space1_getconfig_1.txt', u'zTime': 155138, u'fileType': u'', u'private': u'', u'dateCreated': u'20150720 155138', u'createdBy': u'PENGNG', u'path': u'/archive/attachments/OETCLR/2015/06/22/005056000A1A1EE58BE6408F5A080224', u'zDate': 20150720, u'uploadedBy': u'asaurabh@juniper.net', u'size': 8}, {u'sequenceNumber': u'0000002410', u'title': u'Space1_getconfig_1.txt', u'zTime': 155723, u'fileType': u'', u'private': u'', u'dateCreated': u'20150720 155723', u'createdBy': u'PENGNG', u'path': u'/archive/attachments/OETCLR/2015/06/22/005056000A1A1EE58BE656F01C178224', u'zDate': 20150720, u'uploadedBy': u'asaurabh@juniper.net', u'size': 8}, {u'sequenceNumber': u'0000002411', u'title': u'Space1_getconfig_1.txt', u'zTime': 155913, u'fileType': u'', u'private': u'', u'dateCreated': u'20150720 155913', u'createdBy': u'PENGNG', u'path': u'/archive/attachments/OETCLR/2015/06/22/005056000A1A1EE58BE65EFCD8D78224', u'zDate': 20150720, u'uploadedBy': u'asaurabh@juniper.net', u'size': 8}, {u'sequenceNumber': u'0000002412', u'title': u'Space1_getconfig_1.txt', u'zTime': 161451, u'fileType': u'', u'private': u'', u'dateCreated': u'20150720 161451', u'createdBy': u'PENGNG', u'path': u'/archive/attachments/OETCLR/2015/06/22/005056000A1A1EE58BE6A4D371D40224', u'zDate': 20150720, u'uploadedBy': u'asaurabh@juniper.net', u'size': 8}, {u'sequenceNumber': u'0000002413', u'title': u'Space1_getconfig_1.txt', u'zTime': 161758, u'fileType': u'', u'private': u'', u'dateCreated': u'20150720 161758', u'createdBy': u'PENGNG', u'path': u'/archive/attachments/OETCLR/2015/06/22/005056000A1A1EE58BE6B35C63E24224', u'zDate': 20150720, u'uploadedBy': u'asaurabh@juniper.net', u'size': 8}, {u'sequenceNumber': u'0000002414', u'title': u'Space1_getconfig_1.txt', u'zTime': 164640, u'fileType': u'', u'private': u'', u'dateCreated': u'20150720 164640', u'createdBy': u'PENGNG', u'path': u'/archive/attachments/OETCLR/2015/06/22/005056000A1A1EE58BE73777F4EAC224', u'zDate': 20150720, u'uploadedBy': u'asaurabh@juniper.net', u'size': 8}, {u'sequenceNumber': u'0000002415', u'title': u'Space1_getconfig_1.txt', u'zTime': 170937, u'fileType': u'', u'private': u'', u'dateCreated': u'20150720 170937', u'createdBy': u'PENGNG', u'path': u'/archive/attachments/OETCLR/2015/06/22/005056000A1A1EE58BE799C7DA810224', u'zDate': 20150720, u'uploadedBy': u'asaurabh@juniper.net', u'size': 8}, {u'sequenceNumber': u'0000002416', u'title': u'Space1_getconfig_1.txt', u'zTime': 171234, u'fileType': u'', u'private': u'', u'dateCreated': u'20150720 171234', u'createdBy': u'PENGNG', u'path': u'/archive/attachments/OETCLR/2015/06/22/005056000A1A1EE58BE7A6B78D554224', u'zDate': 20150720, u'uploadedBy': u'asaurabh@juniper.net', u'size': 8}, {u'sequenceNumber': u'0000002417', u'title': u'Space1_getconfig_1.txt', u'zTime': 171620, u'fileType': u'', u'private': u'', u'dateCreated': u'20150720 171620', u'createdBy': u'PENGNG', u'path': u'/archive/attachments/OETCLR/2015/06/22/005056000A1A1EE58BE7B7B0C8938224', u'zDate': 20150720, u'uploadedBy': u'asaurabh@juniper.net', u'size': 8}, {u'sequenceNumber': u'0000002418', u'title': u'Space1_getconfig_1.txt', u'zTime': 195246, u'fileType': u'', u'private': u'', u'dateCreated': u'20150720 195246', u'createdBy': u'PENGNG', u'path': u'/archive/attachments/OETCLR/2015/06/22/005056000A1A1EE58BEA75B209A48224', u'zDate': 20150720, u'uploadedBy': u'asaurabh@juniper.net', u'size': 8}, {u'sequenceNumber': u'0000002419', u'title': u'Space1_getconfig_1.txt', u'zTime': 215546, u'fileType': u'', u'private': u'', u'dateCreated': u'20150720 215546', u'createdBy': u'PENGNG', u'path': u'/archive/attachments/OETCLR/2015/06/22/005056000A1A1EE58BEC990F29848224', u'zDate': 20150720, u'uploadedBy': u'asaurabh@juniper.net', u'size': 8}, {u'sequenceNumber': u'0000002420', u'title': u'Space1_getconfig_1.txt', u'zTime': 215702, u'fileType': u'', u'private': u'', u'dateCreated': u'20150720 215702', u'createdBy': u'PENGNG', u'path': u'/archive/attachments/OETCLR/2015/06/22/005056000A1A1EE58BEC9E71A64BC224', u'zDate': 20150720, u'uploadedBy': u'asaurabh@juniper.net', u'size': 8}]}","200"
"23","2015-1008-T-0021","{u'_id': ObjectId('56278b8dc33a7d9eb10ad2be'), u'caseId': u'2015-1008-T-0021', u'attachment': {u'sequenceNumber': u'0002141376', u'title': u'attachment testing.txt', u'zTime': 94037, u'fileType': u'', u'private': u'', u'dateCreated': u'20151008 094037', u'createdBy': u'WF-BATCH', u'path': u'/archive/attachments/OETCLR/2015/10/08/0021/005056010AB61ED59BBB69B2F5D5CC12', u'zDate': 20151008, u'uploadedBy': u'sekhark@juniper.net', u'size': 1}}","200"
"24","2015-0929-T-0036","{u'_id': ObjectId('56278b8dc33a7d9eb10ad2c7'), u'caseId': u'2015-0929-T-0036', u'attachment': {u'sequenceNumber': u'0002141100', u'title': u'SK_Export_Report.csv', u'zTime': 233704, u'fileType': u'', u'private': u'', u'dateCreated': u'Wed+Sep+30+12%3A07%3A00+IST+2015', u'createdBy': u'CMUSER', u'path': u'/archive/attachments/OETCLR/2015\\09\\29\\T\\20150930120700', u'zDate': 20150929, u'uploadedBy': u'andrew.p.wells@nasa.gov', u'size': 10}}","200"
"25","2015-1008-T-0044","{u'_id': ObjectId('56278b8ec33a7d9eb10ad2cd'), u'caseId': u'2015-1008-T-0044', u'attachment': [{u'sequenceNumber': u'0002141465', u'title': u'scr1.png', u'zTime': 25856, u'fileType': u'', u'private': u'X', u'dateCreated': u'Fri+Oct+09+15%3A28%3A53+IST+2015', u'createdBy': u'CMUSER', u'path': u'/archive/attachments/OETCLR/2015\\10\\08\\T\\20151009152853', u'zDate': 20151009, u'uploadedBy': u'gmarkley@greatbaysoftware.com', u'size': 285}, {u'sequenceNumber': u'0002141466', u'title': u'scr2.png', u'zTime': 30953, u'fileType': u'', u'private': u'X', u'dateCreated': u'Fri+Oct+09+15%3A39%3A50+IST+2015', u'createdBy': u'CMUSER', u'path': u'/archive/attachments/OETCLR/2015\\10\\08\\T\\20151009153950', u'zDate': 20151009, u'uploadedBy': u'gmarkley@greatbaysoftware.com', u'size': 288}, {u'sequenceNumber': u'0002141467', u'title': u'SK_Export_Report.csv', u'zTime': 31029, u'fileType': u'', u'private': u'X', u'dateCreated': u'Fri+Oct+09+15%3A40%3A26+IST+2015', u'createdBy': u'CMUSER', u'path': u'/archive/attachments/OETCLR/2015\\10\\08\\T\\20151009154026', u'zDate': 20151009, u'uploadedBy': u'gmarkley@greatbaysoftware.com', u'size': 10}]}","200"
"26","2015-1016-T-0013","{u'_id': ObjectId('56278b8ec33a7d9eb10ad2d1'), u'caseId': u'2015-1016-T-0013', u'attachment': [{u'sequenceNumber': u'0002141522', u'title': u'INC.png', u'zTime': 44011, u'fileType': u'', u'private': u'X', u'dateCreated': u'Mon+Oct+19+11%3A40%3A09+UTC+2015', u'createdBy': u'CMUSER', u'path': u'/archive/attachments/OETCLR/2015/10/16/T/20151019114009', u'zDate': 20151019, u'uploadedBy': u'amitsri@juniper.net', u'size': 189}, {u'sequenceNumber': u'0002141523', u'title': u'sample&File.txt', u'zTime': 44050, u'fileType': u'', u'private': u'', u'dateCreated': u'Mon+Oct+19+11%3A40%3A48+UTC+2015', u'createdBy': u'CMUSER', u'path': u'/archive/attachments/OETCLR/2015/10/16/T/20151019114048', u'zDate': 20151019, u'uploadedBy': u'amitsri@juniper.net', u'size': 0}]}","200"
"27","2015-1008-T-0003","{u'_id': ObjectId('56278b8ec33a7d9eb10ad2e1'), u'caseId': u'2015-1008-T-0003', u'attachment': [{u'sequenceNumber': u'0002141371', u'title': u'This an test attachement2286197637608470834.zip', u'zTime': 50552, u'fileType': u'', u'private': u'', u'dateCreated': u'Thu+Oct+08+12%3A05%3A50+UTC+2015', u'createdBy': u'CMUSER', u'path': u'/archive/attachments/OETCLR/2015/10/08/T/20151008120550', u'zDate': 20151008, u'uploadedBy': u'daniel.schatte@twcable.com', u'size': 55}, {u'sequenceNumber': u'0002141512', u'title': u'Custom tcode requirement_R475.xlsx', u'zTime': 43402, u'fileType': u'', u'private': u'', u'dateCreated': u'20151015 043402', u'createdBy': u'WF-BATCH', u'path': u'/archive/attachments/OETCLR/2015/10/08/0003/005056010AB61ED59CE6144EA4AC8C12', u'zDate': 20151015, u'uploadedBy': u'bbatchu@juniper.net', u'size': 16}, {u'sequenceNumber': u'0002141513', u'title': u'Custom tcode requirement_R475.xlsx', u'zTime': 43900, u'fileType': u'', u'private': u'', u'dateCreated': u'20151015 043900', u'createdBy': u'WF-BATCH', u'path': u'/archive/attachments/OETCLR/2015/10/08/0003/005056010AB61ED59CE62A7791E46C12', u'zDate': 20151015, u'uploadedBy': u'bbatchu@juniper.net', u'size': 16}, {u'sequenceNumber': u'0002141514', u'title': u'Custom tcode requirement_R475.xlsx', u'zTime': 45043, u'fileType': u'', u'private': u'X', u'dateCreated': u'20151015 045043', u'createdBy': u'WF-BATCH', u'path': u'/archive/attachments/OETCLR/2015/10/08/0003/005056010AB61ED59CE65EE9BB350C12', u'zDate': 20151015, u'uploadedBy': u'bbatchu@juniper.net', u'size': 16}]}","200"
"28","2015-1019-T-0012","{u'_id': ObjectId('56278b8fc33a7d9eb10ad2e8'), u'caseId': u'2015-1019-T-0012', u'attachment': {u'sequenceNumber': u'0002141524', u'title': u'Test.txt', u'zTime': 220433, u'fileType': u'', u'private': u'', u'dateCreated': u'20151019 220433', u'createdBy': u'WF-BATCH', u'path': u'/archive/attachments/OETCLR/2015/10/19/0012/005056010AB61ED59DDD01B2A69CCC12', u'zDate': 20151019, u'uploadedBy': u'prateeks@juniper.net', u'size': 0}}","200"
"29","2015-1013-T-0002","{u'_id': ObjectId('56278b8fc33a7d9eb10ad2f3'), u'caseId': u'2015-1013-T-0002', u'attachment': [{u'sequenceNumber': u'0000002627', u'title': u'attachment testing.txt', u'zTime': 103204, u'fileType': u'', u'private': u'', u'dateCreated': u'20151013 103204', u'createdBy': u'WF-BATCH', u'path': u'/archive/attachments/OETCLR/2015/10/13/0002/005056000A1A1EE59CBA0A46B3C2E224', u'zDate': 20151013, u'uploadedBy': u'sekhark@juniper.net', u'size': 1}, {u'sequenceNumber': u'0000002628', u'title': u'attachment testing.txt', u'zTime': 103734, u'fileType': u'', u'private': u'', u'dateCreated': u'20151013 103734', u'createdBy': u'WF-BATCH', u'path': u'/archive/attachments/OETCLR/2015/10/13/0002/005056000A1A1EE59CBA22C8464A6224', u'zDate': 20151013, u'uploadedBy': u'sekhark@juniper.net', u'size': 1}]}","200"
"30","2015-1020-T-0012","{u'_id': ObjectId('56278b90c33a7d9eb10ad2f8'), u'caseId': u'2015-1020-T-0012', u'attachment': {u'sequenceNumber': u'0002141533', u'title': u'x.x', u'zTime': 81620, u'fileType': u'', u'private': u'', u'dateCreated': u'Tue+Oct+20+08%3A16%3A19+PDT+2015', u'createdBy': u'CMUSER', u'path': u'/archive/attachments/OETCLR/2015/10/20/T/20151020081619', u'zDate': 20151020, u'uploadedBy': u'daniel.schatte@twcable.com', u'size': 505}}","200"
"31","2015-1005-T-0015","{u'_id': ObjectId('56278b90c33a7d9eb10ad2fc'), u'caseId': u'2015-1005-T-0015', u'attachment': {u'sequenceNumber': u'0000002562', u'title': u'attachment testing.txt', u'zTime': 143818, u'fileType': u'', u'private': u'', u'dateCreated': u'20151006 143818', u'createdBy': u'WF-BATCH', u'path': u'/archive/attachments/OETCLR/2015/10/05/0015/005056000A1A1EE59B8E51D8704A0224', u'zDate': 20151006, u'uploadedBy': u'sekhark@juniper.net', u'size': 1}}","200"
"32","2015-0910-T-0163","{u'_id': ObjectId('56278b91c33a7d9eb10ad30f'), u'caseId': u'2015-0910-T-0163', u'attachment': {u'sequenceNumber': u'0002140598', u'title': u'screenshot4.tiff', u'zTime': 161343, u'fileType': u'', u'private': u'', u'dateCreated': u'Fri+Sep+11+23%3A13%3A41+UTC+2015', u'createdBy': u'CMUSER', u'path': u'/archive/attachments/OETCLR/2015/09/10/T/20150911231341', u'zDate': 20150911, u'uploadedBy': u'RROCKIND@JUNIPER.NET', u'size': 114}}","200"
"33","2015-1008-T-0015","{u'_id': ObjectId('56278b91c33a7d9eb10ad311'), u'caseId': u'2015-1008-T-0015', u'attachment': [{u'sequenceNumber': u'0002141377', u'title': u'license key (0079122005000430).txt', u'zTime': 103933, u'fileType': u'', u'private': u'', u'dateCreated': u'20151008 103933', u'createdBy': u'WF-BATCH', u'path': u'/archive/attachments/OETCLR/2015/10/08/0015/005056010AB61ED59BBC713232CC0C12', u'zDate': 20151008, u'uploadedBy': u'hpetnikota@juniper.net', u'size': 1}, {u'sequenceNumber': u'0002141378', u'title': u'license key testing data limit - after sekar changes.txt', u'zTime': 104014, u'fileType': u'', u'private': u'', u'dateCreated': u'20151008 104014', u'createdBy': u'WF-BATCH', u'path': u'/archive/attachments/OETCLR/2015/10/08/0015/005056010AB61ED59BBC743C14880C12', u'zDate': 20151008, u'uploadedBy': u'hpetnikota@juniper.net', u'size': 1}, {u'sequenceNumber': u'0002141505', u'title': u'attachment testing.txt', u'zTime': 113025, u'fileType': u'', u'private': u'', u'dateCreated': u'20151013 113025', u'createdBy': u'WF-BATCH', u'path': u'/archive/attachments/OETCLR/2015/10/08/0015/005056010AB61ED59CBB0F09BCF58C12', u'zDate': 20151013, u'uploadedBy': u'sekhark@juniper.net', u'size': 1}, {u'sequenceNumber': u'0002141506', u'title': u'attachment testing.txt', u'zTime': 113421, u'fileType': u'', u'private': u'', u'dateCreated': u'20151013 113421', u'createdBy': u'BBATCHU', u'path': u'/archive/attachments/OETCLR/2015/10/08/0015/005056010A791EE59CBB2B3E5415DA25', u'zDate': 20151013, u'uploadedBy': u'sekhark@juniper.net', u'size': 1}]}","200"
"34","2015-0511-T-0022","{u'_id': ObjectId('56278b88c33a7d9eb10ad233'), u'caseId': u'2015-0511-T-0022', u'attachment': [{u'sequenceNumber': u'0002140243', u'title': u'!@##$$%%^&&()+ Q.txt', u'zTime': 22155, u'fileType': u'', u'private': u'X', u'dateCreated': u'Mon+May+11+02%3A21%3A54+PDT+2015', u'createdBy': u'CMUSER', u'path': u'/archive/attachments/OETCLR/2015/05/11/T/20150511022153', u'zDate': 20150511, u'uploadedBy': u'gmarkley@greatbaysoftware.com', u'size': 2}, {u'sequenceNumber': u'0002141525', u'title': u'INC.png', u'zTime': 224419, u'fileType': u'', u'private': u'X', u'dateCreated': u'Tue+Oct+20+05%3A44%3A15+UTC+2015', u'createdBy': u'CMUSER', u'path': u'/archive/attachments/OETCLR/2015/05/11/T/20151020054414', u'zDate': 20151019, u'uploadedBy': u'amitsri@juniper.net', u'size': 189}, {u'sequenceNumber': u'0002141526', u'title': u'L_EFBC.tmp.PNG', u'zTime': 224740, u'fileType': u'', u'private': u'', u'dateCreated': u'Tue+Oct+20+05%3A47%3A39+UTC+2015', u'createdBy': u'CMUSER', u'path': u'/archive/attachments/OETCLR/2015/05/11/T/20151020054738', u'zDate': 20151019, u'uploadedBy': u'amitsri@juniper.net', u'size': 68}, {u'sequenceNumber': u'0002141528', u'title': u'INC.png', u'zTime': 235305, u'fileType': u'', u'private': u'X', u'dateCreated': u'Tue+Oct+20+06%3A53%3A03+UTC+2015', u'createdBy': u'CMUSER', u'path': u'/archive/attachments/OETCLR/2015/05/11/T/20151020065303', u'zDate': 20151019, u'uploadedBy': u'amitsri@juniper.net', u'size': 189}, {u'sequenceNumber': u'0002141529', u'title': u'sample&File.txt', u'zTime': 235336, u'fileType': u'', u'private': u'', u'dateCreated': u'Tue+Oct+20+06%3A53%3A34+UTC+2015', u'createdBy': u'CMUSER', u'path': u'/archive/attachments/OETCLR/2015/05/11/T/20151020065334', u'zDate': 20151019, u'uploadedBy': u'amitsri@juniper.net', u'size': 0}]}","200"
"35","2010-2020-0002","{u'_id': ObjectId('56278b9ac33a7d9eb10ad31d'), u'caseId': u'2010-2020-0002', u'attachment': [{u'sequenceNumber': u'0004744653', u'title': u'NW-NG-0-varlogs.tgz', u'zTime': u'72933', u'fileType': u'', u'dateCreated': u'Tue+Oct+20+07%3A29%3A31+PDT+2015', u'createdBy': u'CMUSER', u'isPrivate': u'X', u'path': u'/sftp/pub/incoming/2010-2020-0002/NW-NG-0-varlogs.tgz', u'zDate': u'20151020', u'uploadedBy': u'sftp_user', u'size': u'12299'}, {u'sequenceNumber': u'0004745868', u'title': u'image001.png', u'zTime': u'000217', u'fileType': u'', u'dateCreated': u'20151021 000217', u'createdBy': u'WF-BATCH', u'isPrivate': u'X', u'path': u'/archive/attachments/PCLR/2015/10/20/0002/901B0E53B1321ED59DF8354C3F085651', u'zDate': u'20151021', u'uploadedBy': u'rfrania@juniper.net', u'size': u'75'}, {u'sequenceNumber': u'0004745890', u'title': u'image001.png', u'zTime': u'002156', u'fileType': u'', u'dateCreated': u'20151021 002156', u'createdBy': u'WF-BATCH', u'isPrivate': u'X', u'path': u'/archive/attachments/PCLR/2015/10/20/0002/901B0E53B1321ED59DF88D1E67551651', u'zDate': u'20151021', u'uploadedBy': u'rfrania@juniper.net', u'size': u'75'}, {u'sequenceNumber': u'0004746129', u'title': u'image001.png', u'zTime': u'24142', u'fileType': u'', u'dateCreated': u'20151021 024142', u'createdBy': u'WF-BATCH', u'isPrivate': u'X', u'path': u'/archive/attachments/PCLR/2015/10/20/0002/901B0E53B1321ED59DFAFDEB29A1D651', u'zDate': u'20151021', u'uploadedBy': u'pbloomfield@juniper.net', u'size': u'75'}, {u'sequenceNumber': u'0004746130', u'title': u'image001.png', u'zTime': u'24142', u'fileType': u'', u'dateCreated': u'20151021 024142', u'createdBy': u'WF-BATCH', u'isPrivate': u'X', u'path': u'/archive/attachments/PCLR/2015/10/20/0002/901B0E53B1321ED59DFAFDEB29A1F651', u'zDate': u'20151021', u'uploadedBy': u'pbloomfield@juniper.net', u'size': u'75'}]}","200"
"36","2015-0927-T-0011","{u'_id': ObjectId('56279e1ac33a7d9eb10ad32d'), u'caseId': u'2015-0927-T-0011', u'attachment': [{u'sequenceNumber': u'0002141261', u'title': u'SubTestCases.txt', u'zTime': 181444, u'fileType': u'', u'private': u'', u'dateCreated': u'20151006 181444', u'createdBy': u'WF-BATCH', u'path': u'/archive/attachments/OETCLR/2015/09/27/0011/005056010AB61ED59B92195D96A38C12', u'zDate': 20151006, u'uploadedBy': u'venkatb@juniper.net', u'size': 2}, {u'sequenceNumber': u'0002141535', u'title': u'Subscription Requirements.txt', u'zTime': 71545, u'fileType': u'', u'private': u'', u'dateCreated': u'20151021 071545', u'createdBy': u'WF-BATCH', u'path': u'/archive/attachments/OETCLR/2015/09/27/0011/005056010AB61ED59DFFC714DD29AC12', u'zDate': 20151021, u'uploadedBy': u'venkatb@juniper.net', u'size': 2}, {u'sequenceNumber': u'0002141536', u'title': u'SubTestCases.txt', u'zTime': 71545, u'fileType': u'', u'private': u'', u'dateCreated': u'20151021 071545', u'createdBy': u'WF-BATCH', u'path': u'/archive/attachments/OETCLR/2015/09/27/0011/005056010AB61ED59DFFC714DD29CC12', u'zDate': 20151021, u'uploadedBy': u'venkatb@juniper.net', u'size': 2}, {u'sequenceNumber': u'0002141537', u'title': u'Default-Notification-and-Subscription-TestingSteps.xlsx', u'zTime': 71656, u'fileType': u'', u'private': u'X', u'dateCreated': u'20151021 071656', u'createdBy': u'WF-BATCH', u'path': u'/archive/attachments/OETCLR/2015/09/27/0011/005056010AB61ED59DFFCC62BCD66C12', u'zDate': 20151021, u'uploadedBy': u'venkatb@juniper.net', u'size': 19}, {u'sequenceNumber': u'0002141538', u'title': u'TestingInfoAndRecordofCasesOpened.txt', u'zTime': 71656, u'fileType': u'', u'private': u'X', u'dateCreated': u'20151021 071656', u'createdBy': u'WF-BATCH', u'path': u'/archive/attachments/OETCLR/2015/09/27/0011/005056010AB61ED59DFFCC62BCD68C12', u'zDate': 20151021, u'uploadedBy': u'venkatb@juniper.net', u'size': 7}]}","200"
"37","2015-0410-T-0027","{u'_id': ObjectId('5627d8e2c33a7d9eb10ad340'), u'caseId': u'2015-0410-T-0027', u'attachment': [{u'sequenceNumber': u'0002140170', u'title': u'Linked content.png', u'zTime': 224644, u'fileType': u'', u'private': u'X', u'dateCreated': u'Tue+Apr+21+22%3A46%3A41+PDT+2015', u'createdBy': u'CMUSER', u'path': u'/archive/attachments/OETCLR/2015/04/10/T/20150421224641', u'zDate': 20150421, u'uploadedBy': u'gmarkley@greatbaysoftware.com', u'size': 104}, {u'sequenceNumber': u'0002140174', u'title': u'buaga301ib1_2014-0611-0927_initalCaptures_2014-06-11-15-31-06(1).txt', u'zTime': u'002028', u'fileType': u'', u'private': u'X', u'dateCreated': u'Wed+Apr+22+00%3A20%3A26+PDT+2015', u'createdBy': u'CMUSER', u'path': u'/archive/attachments/OETCLR/2015/04/10/T/20150422002026', u'zDate': 20150422, u'uploadedBy': u'gmarkley@greatbaysoftware.com', u'size': 2956}, {u'sequenceNumber': u'0002140175', u'title': u'File+upload+failed+because+the+file+name+is+too+long+%28100+character+max%29.Please+try+again+or+con', u'zTime': u'003857', u'fileType': u'', u'private': u'X', u'dateCreated': u'Wed+Apr+22+00%3A38%3A49+PDT+2015', u'createdBy': u'CMUSER', u'path': u'/archive/attachments/OETCLR/2015/04/10/T/20150422003849', u'zDate': 20150422, u'uploadedBy': u'gmarkley@greatbaysoftware.com', u'size': 51}, {u'sequenceNumber': u'0002140183', u'title': u'0123456789012345678901234567890123456789012345678901234567890123456789012345678901234567890123456789', u'zTime': 64940, u'fileType': u'', u'private': u'', u'dateCreated': u'Wed+Apr+22+06%3A49%3A34+PDT+2015', u'createdBy': u'CMUSER', u'path': u'/archive/attachments/OETCLR/2015/04/10/T/20150422064934', u'zDate': 20150422, u'uploadedBy': u'ARYPINSKI@JUNIPER.NET', u'size': 270}]}","200"
"38","2015-0410-T-0010","{u'_id': ObjectId('5627d915c33a7d9eb10ad342'), u'caseId': u'2015-0410-T-0010', u'attachment': {u'sequenceNumber': u'0002140117', u'title': u'Please+try+again+or+contactFile+upload+failed+because+the+file+name+is+too+long+(100+character+max).', u'zTime': 14006, u'fileType': u'', u'private': u'X', u'dateCreated': u'Thu+Apr+16+01%3A40%3A03+PDT+2015', u'createdBy': u'CMUSER', u'path': u'/archive/attachments/OETCLR/2015/04/10/T/20150416014003', u'zDate': 20150416, u'uploadedBy': u'gmarkley@greatbaysoftware.com', u'size': 2}}","200"
"39","2015-1021-T-0033","{u'_id': ObjectId('5627e268c33a7d9eb10ad345'), u'caseId': u'2015-1021-T-0033', u'attachment': {u'sequenceNumber': u'0002141539', u'title': u'license key (0079122005000430).txt', u'zTime': 120715, u'fileType': u'', u'private': u'', u'dateCreated': u'20151021 120715', u'createdBy': u'WF-BATCH', u'path': u'/archive/attachments/OETCLR/2015/10/21/0033/005056010AB61ED59E84DE2B29648C12', u'zDate': 20151021, u'uploadedBy': u'hpetnikota@juniper.net', u'size': 1}}","200"
"40","2010-2020-0003","{u'_id': ObjectId('5628adc2c33a7d9eb10ad35d'), u'caseId': u'2010-2020-0003', u'attachment': [{u'sequenceNumber': u'0004744653', u'title': u'NW-NG-0-varlogs.tgz', u'zTime': u'72933', u'fileType': u'', u'dateCreated': u'Tue+Oct+20+07%3A29%3A31+PDT+2015', u'createdBy': u'CMUSER', u'isPrivate': u'X', u'path': u'/sftp/pub/incoming/2010-2020-0003/NW-NG-0-varlogs.tgz', u'zDate': u'20151020', u'uploadedBy': u'sftp_user', u'size': u'12299'}, {u'sequenceNumber': u'0004745868', u'title': u'image001.png', u'zTime': u'000217', u'fileType': u'', u'dateCreated': u'20151021 000217', u'createdBy': u'WF-BATCH', u'isPrivate': u'X', u'path': u'/archive/attachments/PCLR/2015/10/20/0002/901B0E53B1321ED59DF8354C3F085651', u'zDate': u'20151021', u'uploadedBy': u'rfrania@juniper.net', u'size': u'75'}, {u'sequenceNumber': u'0004745890', u'title': u'image001.png', u'zTime': u'002156', u'fileType': u'', u'dateCreated': u'20151021 002156', u'createdBy': u'WF-BATCH', u'isPrivate': u'X', u'path': u'/archive/attachments/PCLR/2015/10/20/0002/901B0E53B1321ED59DF88D1E67551651', u'zDate': u'20151021', u'uploadedBy': u'rfrania@juniper.net', u'size': u'75'}, {u'sequenceNumber': u'0004746129', u'title': u'image001.png', u'zTime': u'24142', u'fileType': u'', u'dateCreated': u'20151021 024142', u'createdBy': u'WF-BATCH', u'isPrivate': u'X', u'path': u'/archive/attachments/PCLR/2015/10/20/0002/901B0E53B1321ED59DFAFDEB29A1D651', u'zDate': u'20151021', u'uploadedBy': u'pbloomfield@juniper.net', u'size': u'75'}, {u'sequenceNumber': u'0004746130', u'title': u'image001.png', u'zTime': u'24142', u'fileType': u'', u'dateCreated': u'20151021 024142', u'createdBy': u'WF-BATCH', u'isPrivate': u'X', u'path': u'/archive/attachments/PCLR/2015/10/20/0002/901B0E53B1321ED59DFAFDEB29A1F651', u'zDate': u'20151021', u'uploadedBy': u'pbloomfield@juniper.net', u'size': u'75'}]}","200"
"41","2015-1022-T-0014","{u'_id': ObjectId('56291a56c33a7d9eb10ad365'), u'caseId': u'2015-1022-T-0014', u'attachment': {u'sequenceNumber': u'0002141542', u'title': u'OCT-CRM-ReleaseNotes.xlsx', u'zTime': 101810, u'fileType': u'', u'private': u'X', u'dateCreated': u'20151022 101810', u'createdBy': u'WF-BATCH', u'path': u'/archive/attachments/OETCLR/2015/10/22/0014/005056010AB61ED59E9C1BC6DA8F4C12', u'zDate': 20151022, u'uploadedBy': u'venkatb@juniper.net', u'size': 20}}","200"
"42","2015-1005-T-0019","{u'_id': ObjectId('56292da3c33a7d9eb10ad368'), u'caseId': u'2015-1005-T-0019', u'attachment': [{u'sequenceNumber': u'0002141323', u'title': u'Document-549.docx', u'zTime': 144010, u'fileType': u'', u'private': u'', u'dateCreated': u'Wed+Oct+07+14%3A40%3A08+PDT+2015', u'createdBy': u'CMUSER', u'path': u'/Users/ssingh/test2015/10/05/T/20151007144008', u'zDate': 20151007, u'uploadedBy': u'ednei.iamaguti@copel.com', u'size': 539}, {u'sequenceNumber': u'0002141324', u'title': u'RMA.rtf', u'zTime': 144032, u'fileType': u'', u'private': u'', u'dateCreated': u'Wed+Oct+07+14%3A40%3A30+PDT+2015', u'createdBy': u'CMUSER', u'path': u'/Users/ssingh/test2015/10/05/T/20151007144030', u'zDate': 20151007, u'uploadedBy': u'ednei.iamaguti@copel.com', u'size': 2}, {u'sequenceNumber': u'0002141325', u'title': u'CMGR-637.docx', u'zTime': 144051, u'fileType': u'', u'private': u'', u'dateCreated': u'Wed+Oct+07+14%3A40%3A49+PDT+2015', u'createdBy': u'CMUSER', u'path': u'/Users/ssingh/test2015/10/05/T/20151007144049', u'zDate': 20151007, u'uploadedBy': u'ednei.iamaguti@copel.com', u'size': 439}, {u'sequenceNumber': u'0002141326', u'title': u'Data Flow Details Kinesis Client Library for CaseManager.docx', u'zTime': 144107, u'fileType': u'', u'private': u'', u'dateCreated': u'Wed+Oct+07+14%3A41%3A06+PDT+2015', u'createdBy': u'CMUSER', u'path': u'/Users/ssingh/test2015/10/05/T/20151007144106', u'zDate': 20151007, u'uploadedBy': u'ednei.iamaguti@copel.com', u'size': 129}, {u'sequenceNumber': u'0002141327', u'title': u'RMA.rtf', u'zTime': 144137, u'fileType': u'', u'private': u'', u'dateCreated': u'Wed+Oct+07+14%3A41%3A35+PDT+2015', u'createdBy': u'CMUSER', u'path': u'/Users/ssingh/test2015/10/05/T/20151007144135', u'zDate': 20151007, u'uploadedBy': u'ednei.iamaguti@copel.com', u'size': 2}, {u'sequenceNumber': u'0002141328', u'title': u'Unknown-2', u'zTime': 145106, u'fileType': u'', u'private': u'X', u'dateCreated': u'Wed+Oct+07+21%3A51%3A05+UTC+2015', u'createdBy': u'CMUSER', u'path': u'/archive/attachments/OETCLR/2015/10/05/T/20151007215104', u'zDate': 20151007, u'uploadedBy': u'SSINGH@JUNIPER.NET', u'size': 1}]}","200"
"43","2015-0915-T-0002","{u'_id': ObjectId('56278b8ec33a7d9eb10ad2d7'), u'caseId': u'2015-0915-T-0002', u'attachment': [{u'sequenceNumber': u'0000002638', u'title': u'license+key+%280079122005000430%29.txt', u'zTime': u'23131', u'fileType': u'', u'dateCreated': u'20151020 023131', u'createdBy': u'WF-BATCH', u'isPrivate': u'', u'path': u'/archive/attachments/OETCLR/2015/09/15/0002/005056000A1A1EE59DE1AB0B5BD70224', u'zDate': u'20151020', u'uploadedBy': u'acheung@juniper.net', u'size': u'1'}, {u'sequenceNumber': u'0000002639', u'title': u'license+key+%280079122005000430%29.txt', u'zTime': u'233006', u'fileType': u'', u'dateCreated': u'20151022 233006', u'createdBy': u'WF-BATCH', u'isPrivate': u'', u'path': u'/archive/attachments/OETCLR/2015/09/15/0002/005056000A1A1EE59EA9EFFD467A4224', u'zDate': u'20151022', u'uploadedBy': u'acheung@juniper.net', u'size': u'1'}, {u'sequenceNumber': u'0000002640', u'title': u'license+key+%280079122005000430%29.txt', u'zTime': u'12616', u'fileType': u'', u'dateCreated': u'20151023 012616', u'createdBy': u'WF-BATCH', u'isPrivate': u'', u'path': u'/archive/attachments/OETCLR/2015/09/15/0002/005056000A1A1EE59EABF74D67620224', u'zDate': u'20151023', u'uploadedBy': u'bbatchu@juniper.net', u'size': u'1'}, {u'sequenceNumber': u'0000002641', u'title': u'license+key+%280079122005000430%29.txt', u'zTime': u'13700', u'fileType': u'', u'dateCreated': u'20151023 013700', u'createdBy': u'WF-BATCH', u'isPrivate': u'', u'path': u'/archive/attachments/OETCLR/2015/09/15/0002/005056000A1A1EE59EAC2744FFEE2224', u'zDate': u'20151023', u'uploadedBy': u'acheung@juniper.net', u'size': u'1'}, {u'sequenceNumber': u'0000002642', u'title': u'license key 0079122005000430.txt', u'zTime': u'21618', u'fileType': u'', u'dateCreated': u'20151023 021618', u'createdBy': u'WF-BATCH', u'isPrivate': u'', u'path': u'/archive/attachments/OETCLR/2015/09/15/0002/005056000A1A1EE59EACD70578066224', u'zDate': u'20151023', u'uploadedBy': u'acheung@juniper.net', u'size': u'1'}]}","200"
"44","2015-1005-T-0028","{u'_id': ObjectId('562dcc0fbcc7609b06a14ea8'), u'caseId': u'2015-1005-T-0028', u'attachment': [{u'sequenceNumber': u'0002141237', u'title': u'one.txt', u'zTime': 35542, u'fileType': u'', u'private': u'', u'dateCreated': u'Mon+Oct+05+10%3A55%3A40+UTC+2015', u'createdBy': u'CMUSER', u'path': u'/archive/attachments/OETCLR/2015/10/05/T/20151005105540', u'zDate': 20151005, u'uploadedBy': u'ednei.iamaguti@copel.com', u'size': 17}, {u'sequenceNumber': u'0002141238', u'title': u'Two.txt', u'zTime': 35623, u'fileType': u'', u'private': u'', u'dateCreated': u'Mon+Oct+05+10%3A56%3A21+UTC+2015', u'createdBy': u'CMUSER', u'path': u'/archive/attachments/OETCLR/2015/10/05/T/20151005105621', u'zDate': 20151005, u'uploadedBy': u'ednei.iamaguti@copel.com', u'size': 21}, {u'sequenceNumber': u'0002141239', u'title': u'one.txt', u'zTime': 35657, u'fileType': u'', u'private': u'', u'dateCreated': u'Mon+Oct+05+10%3A56%3A56+UTC+2015', u'createdBy': u'CMUSER', u'path': u'/archive/attachments/OETCLR/2015/10/05/T/20151005105656', u'zDate': 20151005, u'uploadedBy': u'ednei.iamaguti@copel.com', u'size': 17}]}","200"
